file_path,size_bytes,category,reason,risk_level
All __pycache__/ directories and .pyc files,16256000,cache,Safe to delete — auto-generated Python bytecode,SAFE
.mypy_cache/,149946368,cache,Safe to delete — auto-generated type-checking cache,SAFE
.hypothesis/,622592,cache,Safe to delete — property-based testing examples,SAFE
.pytest_cache/,262144,cache,Safe to delete — auto-generated test cache,SAFE
.ruff_cache/,24576,cache,Safe to delete — auto-generated linting cache,SAFE
.understand-anything/.trash-1782005968/,2800000,cache,Trash files from knowledge graph generation — not needed,SAFE
archive/phase24a/**/__pycache__/,120000,cache,Archive cache files,SAFE
results/phase63/checkpoint_immutable.pt,4720000,duplicate_checkpoint,Identical SHA256 to models/helix_full/helix_full_nsl_kdd_best.pt. Keep canonical model.,SAFE
models/esp32/scaler.pkl,1126,duplicate,Identical to models/production/scaler.pkl,SAFE
models/rpi_zero/scaler.pkl,1126,duplicate,Identical to models/production/scaler.pkl,SAFE
models/rpi_4/scaler.pkl,1126,duplicate,Identical to models/production/scaler.pkl,SAFE
models/esp32/feature_names.json,649,duplicate,Identical to models/production/feature_names.json,SAFE
models/rpi_zero/feature_names.json,649,duplicate,Identical to models/production/feature_names.json,SAFE
models/rpi_4/feature_names.json,649,duplicate,Identical to models/production/feature_names.json,SAFE
data/processed/phase52_cache/nsl_kdd_y_test.npy,123000,duplicate_data,Identical to data/processed/multi_dataset_v1/y_test_nsl_kdd.npy,SAFE
data/processed/phase52_cache/unsw_nb15_y_train.npy,123000,duplicate_data,Identical to data/processed/multi_dataset_v1/y_train_unsw_nb15.npy,SAFE
data/processed/phase52_cache/unsw_nb15_y_test.npy,123000,duplicate_data,Identical to data/processed/multi_dataset_v1/y_test_unsw_nb15.npy,SAFE
data/processed/phase52_cache/nsl_kdd_y_train.npy,123000,duplicate_data,Identical to data/processed/multi_dataset_v1/y_train_nsl_kdd.npy,SAFE
results/phase51/tables/failure_attribution_matrix_detail.csv,1900,duplicate_csv,Redundant copy of failure_attribution.csv,SAFE
results/phase51/tables/pairwise_transferability_atlas.csv,5400,duplicate_csv,Redundant copy of all_transfer_results.csv,SAFE
results/phase51/tables/predictor_ranking.csv,714,duplicate_csv,Redundant copy of similarity_correlations.csv,SAFE
results/phase51/tables/class_transfer_atlas.csv,6100,duplicate_csv,Redundant copy of class_transfer_matrix.csv,SAFE
results/phase55/latents/expF_dim1_labels.npz,18000,duplicate_data,Identical to expF_dim32_labels.npz,SAFE
results/phase59/phase59_console.log,12000,duplicate_log,Redundant copy of phase59_run.log,SAFE
results/phase47/pwcca_matrix.csv,257,duplicate_csv,Identical to svcca_matrix.csv,SAFE
data/processed/multi_dataset_v1/y_val_cicids.npy,124000000,duplicate_data,Identical to y_train_cicids.npy (data was duplicated during processing),MEDIUM
data/processed/multi_dataset_v1/X_train_cicids.npy,14000000,duplicate_data,Identical to X_val_cicids.npy,SAFE
archive/phase24a/scripts/training/__pycache__/train_unified_rebalanced.cpython-311.pyc,19731,cache,Python bytecode cache,SAFE
archive/phase24a/src/helix_ids/__pycache__/__init__.cpython-311.pyc,539,cache,Python bytecode cache,SAFE
archive/phase24a/src/helix_ids/adaptation/__pycache__/feature_harmonization.cpython-311.pyc,19914,cache,Python bytecode cache,SAFE
archive/phase24a/src/helix_ids/adaptation/__pycache__/online_finetune.cpython-311.pyc,9982,cache,Python bytecode cache,SAFE
archive/phase24a/src/helix_ids/adaptation/__pycache__/__init__.cpython-311.pyc,599,cache,Python bytecode cache,SAFE
archive/phase24a/src/helix_ids/data/__pycache__/data_audit.cpython-311.pyc,25311,cache,Python bytecode cache,SAFE
archive/phase24a/src/helix_ids/data/__pycache__/__init__.cpython-311.pyc,362,cache,Python bytecode cache,SAFE
archive/phase24a/src/__pycache__/__init__.cpython-311.pyc,1397,cache,Python bytecode cache,SAFE
tests/test_models/__pycache__/test_helix_ids.cpython-311-pytest-9.0.3.pyc,30950,cache,Python bytecode cache,SAFE
tests/test_models/__pycache__/test_loss.cpython-311-pytest-9.0.3.pyc,26740,cache,Python bytecode cache,SAFE
tests/test_models/__pycache__/test_helix_full.cpython-311-pytest-9.0.3.pyc,93035,cache,Python bytecode cache,SAFE
tests/test_models/__pycache__/__init__.cpython-311.pyc,216,cache,Python bytecode cache,SAFE
tests/config/__pycache__/test_environment_loader.cpython-311-pytest-9.0.3.pyc,79432,cache,Python bytecode cache,SAFE
tests/test_utils/__pycache__/test_metrics.cpython-311-pytest-9.0.3.pyc,34602,cache,Python bytecode cache,SAFE
tests/test_utils/__pycache__/__init__.cpython-311.pyc,214,cache,Python bytecode cache,SAFE
tests/training/__pycache__/test_execution_epoch_runner.cpython-311-pytest-9.0.3.pyc,37391,cache,Python bytecode cache,SAFE
tests/training/__pycache__/test_trainer_state.cpython-311-pytest-9.0.3.pyc,63031,cache,Python bytecode cache,SAFE
tests/training/__pycache__/test_recovery_manager.cpython-311-pytest-9.0.3.pyc,30839,cache,Python bytecode cache,SAFE
tests/training/__pycache__/test_trainer_facade.cpython-311-pytest-9.0.3.pyc,34553,cache,Python bytecode cache,SAFE
tests/training/__pycache__/test_execution_warmup_manager.cpython-311-pytest-9.0.3.pyc,36037,cache,Python bytecode cache,SAFE
tests/training/__pycache__/test_validation_orchestrator.cpython-311-pytest-9.0.3.pyc,53891,cache,Python bytecode cache,SAFE
tests/training/__pycache__/test_extracted_governance.cpython-311-pytest-9.0.3.pyc,119294,cache,Python bytecode cache,SAFE
tests/training/__pycache__/test_extracted_orchestration.cpython-311-pytest-9.0.3.pyc,64371,cache,Python bytecode cache,SAFE
tests/training/__pycache__/test_extracted_losses.cpython-311-pytest-9.0.3.pyc,110392,cache,Python bytecode cache,SAFE
tests/training/__pycache__/test_extracted_scheduler.cpython-311-pytest-9.0.3.pyc,127030,cache,Python bytecode cache,SAFE
tests/training/__pycache__/test_wrapper_removal.cpython-311-pytest-9.0.3.pyc,28303,cache,Python bytecode cache,SAFE
tests/training/__pycache__/test_extracted_phase_orchestration.cpython-311-pytest-9.0.3.pyc,67198,cache,Python bytecode cache,SAFE
tests/training/__pycache__/test_checkpoint_recovery.cpython-311-pytest-9.0.3.pyc,67764,cache,Python bytecode cache,SAFE
tests/training/__pycache__/test_evaluation_orchestrator.cpython-311-pytest-9.0.3.pyc,30114,cache,Python bytecode cache,SAFE
tests/training/__pycache__/test_extracted_diagnostics.cpython-311-pytest-9.0.3.pyc,172086,cache,Python bytecode cache,SAFE
tests/training/__pycache__/test_execution_batch_processor.cpython-311-pytest-9.0.3.pyc,35335,cache,Python bytecode cache,SAFE
tests/training/__pycache__/test_execution_orchestrator.cpython-311-pytest-9.0.3.pyc,27414,cache,Python bytecode cache,SAFE
tests/training/__pycache__/test_extracted_representation.cpython-311-pytest-9.0.3.pyc,213307,cache,Python bytecode cache,SAFE
tests/test_data/__pycache__/test_unified_loader.cpython-311-pytest-9.0.3.pyc,18167,cache,Python bytecode cache,SAFE
tests/test_data/__pycache__/test_phase1_harmonization.cpython-311-pytest-9.0.3.pyc,130164,cache,Python bytecode cache,SAFE
tests/test_data/__pycache__/test_unsw_learnability_contract.cpython-311-pytest-9.0.3.pyc,21064,cache,Python bytecode cache,SAFE
tests/test_data/__pycache__/test_diagnostic_contract.cpython-311-pytest-9.0.3.pyc,11602,cache,Python bytecode cache,SAFE
tests/test_data/__pycache__/test_root_cause_reducer.cpython-311-pytest-9.0.3.pyc,80975,cache,Python bytecode cache,SAFE
tests/test_data/__pycache__/__init__.cpython-311.pyc,212,cache,Python bytecode cache,SAFE
tests/test_operations/__pycache__/test_deployment_manifest_injection.cpython-311-pytest-9.0.3.pyc,18612,cache,Python bytecode cache,SAFE
tests/test_operations/__pycache__/test_structured_logger.cpython-311-pytest-9.0.3.pyc,97571,cache,Python bytecode cache,SAFE
tests/test_operations/__pycache__/test_inference_runtime.cpython-311-pytest-9.0.3.pyc,50375,cache,Python bytecode cache,SAFE
tests/test_operations/__pycache__/test_monitoring.cpython-311-pytest-9.0.3.pyc,6422,cache,Python bytecode cache,SAFE
tests/test_operations/__pycache__/test_traffic_expansion_guard.cpython-311-pytest-9.0.3.pyc,11176,cache,Python bytecode cache,SAFE
tests/test_operations/__pycache__/test_serve_rest_metrics.cpython-311-pytest-9.0.3.pyc,22463,cache,Python bytecode cache,SAFE
tests/test_operations/__pycache__/test_staging_gate_check.cpython-311-pytest-9.0.3.pyc,8797,cache,Python bytecode cache,SAFE
tests/test_operations/__pycache__/test_baseline_freeze.cpython-311-pytest-9.0.3.pyc,9099,cache,Python bytecode cache,SAFE
tests/test_operations/__pycache__/__init__.cpython-311.pyc,172,cache,Python bytecode cache,SAFE
tests/__pycache__/test_lifecycle_verifier.cpython-311-pytest-9.0.3.pyc,13636,cache,Python bytecode cache,SAFE
tests/__pycache__/test_runtime_monitoring_hardening.cpython-311-pytest-9.0.3.pyc,16935,cache,Python bytecode cache,SAFE
tests/__pycache__/test_fn_tracker.cpython-311-pytest-9.0.3.pyc,80457,cache,Python bytecode cache,SAFE
tests/__pycache__/test_dataset_corruption.cpython-311-pytest-9.0.3.pyc,167061,cache,Python bytecode cache,SAFE
tests/__pycache__/test_regression_threat_weights.cpython-311-pytest-9.0.3.pyc,5799,cache,Python bytecode cache,SAFE
tests/__pycache__/test_callbacks.cpython-311-pytest-9.0.3.pyc,146928,cache,Python bytecode cache,SAFE
tests/__pycache__/test_entropy_deployment_validation.cpython-311-pytest-9.0.3.pyc,35650,cache,Python bytecode cache,SAFE
tests/__pycache__/test_mmd_loss.cpython-311-pytest-9.0.3.pyc,78590,cache,Python bytecode cache,SAFE
tests/__pycache__/test_export.cpython-311-pytest-9.0.3.pyc,45284,cache,Python bytecode cache,SAFE
tests/__pycache__/test_memory_leak_detection.cpython-311-pytest-9.0.3.pyc,28940,cache,Python bytecode cache,SAFE
tests/__pycache__/test_runtime_invariants.cpython-311-pytest-9.0.3.pyc,10587,cache,Python bytecode cache,SAFE
tests/__pycache__/test_feature_engineering.cpython-311-pytest-9.0.3.pyc,57628,cache,Python bytecode cache,SAFE
tests/__pycache__/test_validation_evaluator.cpython-311-pytest-9.0.3.pyc,81657,cache,Python bytecode cache,SAFE
tests/__pycache__/test_benchmark_formalization.cpython-311-pytest-9.0.3.pyc,17112,cache,Python bytecode cache,SAFE
tests/__pycache__/test_feature_harmonization.cpython-311-pytest-9.0.3.pyc,15286,cache,Python bytecode cache,SAFE
tests/__pycache__/test_e2e_smoke.cpython-311-pytest-9.0.3.pyc,61473,cache,Python bytecode cache,SAFE
tests/__pycache__/test_prepare_canonical_artifacts.cpython-311-pytest-9.0.3.pyc,5176,cache,Python bytecode cache,SAFE
tests/__pycache__/test_validation_calibrator.cpython-311-pytest-9.0.3.pyc,91436,cache,Python bytecode cache,SAFE
tests/__pycache__/test_fault_injection.cpython-311-pytest-9.0.3.pyc,43269,cache,Python bytecode cache,SAFE
tests/__pycache__/test_preprocessing.cpython-311-pytest-9.0.3.pyc,51901,cache,Python bytecode cache,SAFE
tests/__pycache__/test_data_integrity_guards.cpython-311-pytest-9.0.3.pyc,20524,cache,Python bytecode cache,SAFE
tests/__pycache__/test_coral_loss.cpython-311-pytest-9.0.3.pyc,102021,cache,Python bytecode cache,SAFE
tests/__pycache__/test_schema_contract.cpython-311-pytest-9.0.3.pyc,5818,cache,Python bytecode cache,SAFE
tests/__pycache__/test_label_aware_da.cpython-311-pytest-9.0.3.pyc,73676,cache,Python bytecode cache,SAFE
tests/__pycache__/test_helix_ids_unit.cpython-311-pytest-9.0.3.pyc,119110,cache,Python bytecode cache,SAFE
tests/__pycache__/test_schema_registry_validation.cpython-311-pytest-9.0.3.pyc,47832,cache,Python bytecode cache,SAFE
tests/__pycache__/test_per_class_metrics.cpython-311-pytest-9.0.3.pyc,54299,cache,Python bytecode cache,SAFE
tests/__pycache__/test_validation_artifacts.cpython-311-pytest-9.0.3.pyc,54696,cache,Python bytecode cache,SAFE
tests/__pycache__/test_transfer_learning_da_schedule.cpython-311-pytest-9.0.3.pyc,20378,cache,Python bytecode cache,SAFE
tests/__pycache__/test_data_loading.cpython-311-pytest-9.0.3.pyc,69197,cache,Python bytecode cache,SAFE
tests/__pycache__/test_provenance.cpython-311-pytest-9.0.3.pyc,10168,cache,Python bytecode cache,SAFE
tests/__pycache__/test_export_unit.cpython-311-pytest-9.0.3.pyc,129340,cache,Python bytecode cache,SAFE
tests/__pycache__/test_classifier.cpython-311-pytest-9.0.3.pyc,152913,cache,Python bytecode cache,SAFE
tests/__pycache__/test_benchmark_output_validator.cpython-311-pytest-9.0.3.pyc,29791,cache,Python bytecode cache,SAFE
tests/__pycache__/test_export_contract.cpython-311-pytest-9.0.3.pyc,15339,cache,Python bytecode cache,SAFE
tests/__pycache__/test_loss_unit.cpython-311-pytest-9.0.3.pyc,86567,cache,Python bytecode cache,SAFE
tests/__pycache__/test_adversarial_robustness.cpython-311-pytest-9.0.3.pyc,64796,cache,Python bytecode cache,SAFE
tests/__pycache__/test_checkpoint_contracts.cpython-311-pytest-9.0.3.pyc,6242,cache,Python bytecode cache,SAFE
tests/__pycache__/test_model_inference.cpython-311-pytest-9.0.3.pyc,74053,cache,Python bytecode cache,SAFE
tests/__pycache__/test_fuzz.cpython-311-pytest-9.0.3.pyc,104902,cache,Python bytecode cache,SAFE
tests/__pycache__/test_export_quantization_deployment.cpython-311-pytest-9.0.3.pyc,37375,cache,Python bytecode cache,SAFE
tests/__pycache__/test_check_performance_regression.cpython-311-pytest-9.0.3.pyc,26317,cache,Python bytecode cache,SAFE
tests/__pycache__/test_critical_pipeline_invariants.cpython-311-pytest-9.0.3.pyc,137473,cache,Python bytecode cache,SAFE
tests/__pycache__/test_checkpoint_chaos.cpython-311-pytest-9.0.3.pyc,52361,cache,Python bytecode cache,SAFE
tests/__pycache__/test_regression_taxonomy_contracts.cpython-311-pytest-9.0.3.pyc,44446,cache,Python bytecode cache,SAFE
tests/__pycache__/conftest.cpython-311-pytest-9.0.3.pyc,9566,cache,Python bytecode cache,SAFE
tests/__pycache__/test_training_pipeline_v2.cpython-311-pytest-9.0.3.pyc,23672,cache,Python bytecode cache,SAFE
tests/__pycache__/__init__.cpython-311.pyc,191,cache,Python bytecode cache,SAFE
tests/__pycache__/test_training_direct_adaptation_eval.cpython-311-pytest-9.0.3.pyc,8982,cache,Python bytecode cache,SAFE
tests/__pycache__/test_combined_da.cpython-311-pytest-9.0.3.pyc,112986,cache,Python bytecode cache,SAFE
tests/__pycache__/test_property_based.cpython-311-pytest-9.0.3.pyc,191813,cache,Python bytecode cache,SAFE
tests/operations/__pycache__/test_restart_manager.cpython-311-pytest-9.0.3.pyc,152714,cache,Python bytecode cache,SAFE
tests/operations/__pycache__/test_circuit_breaker.cpython-311-pytest-9.0.3.pyc,153561,cache,Python bytecode cache,SAFE
tests/operations/__pycache__/test_structured_logging.cpython-311-pytest-9.0.3.pyc,52108,cache,Python bytecode cache,SAFE
tests/architecture/__pycache__/test_no_reverse_dependencies.cpython-311-pytest-9.0.3.pyc,7464,cache,Python bytecode cache,SAFE
tests/architecture/__pycache__/test_trainer_boundary.cpython-311-pytest-9.0.3.pyc,8842,cache,Python bytecode cache,SAFE
tests/architecture/__pycache__/test_dependency_cycles.cpython-311-pytest-9.0.3.pyc,9982,cache,Python bytecode cache,SAFE
tests/architecture/__pycache__/test_architecture_freeze.cpython-311-pytest-9.0.3.pyc,37950,cache,Python bytecode cache,SAFE
tests/architecture/__pycache__/test_architecture_lockdown.cpython-311-pytest-9.0.3.pyc,25964,cache,Python bytecode cache,SAFE
tests/architecture/__pycache__/__init__.cpython-311.pyc,240,cache,Python bytecode cache,SAFE
tests/architecture/__pycache__/test_dependency_lockdown.cpython-311-pytest-9.0.3.pyc,18669,cache,Python bytecode cache,SAFE
tests/test_governance/__pycache__/test_promotion.cpython-311-pytest-9.0.3.pyc,5384,cache,Python bytecode cache,SAFE
tests/test_governance/__pycache__/test_run_registry.cpython-311-pytest-9.0.3.pyc,9363,cache,Python bytecode cache,SAFE
tests/test_governance/__pycache__/test_enforcement_completeness.cpython-311-pytest-9.0.3.pyc,33458,cache,Python bytecode cache,SAFE
tests/test_governance/__pycache__/test_orchestrator_runtime.cpython-311-pytest-9.0.3.pyc,15885,cache,Python bytecode cache,SAFE
tests/test_governance/__pycache__/test_validate_schema_registry.cpython-311-pytest-9.0.3.pyc,44402,cache,Python bytecode cache,SAFE
tests/test_governance/__pycache__/test_metrics_contract.cpython-311-pytest-9.0.3.pyc,8669,cache,Python bytecode cache,SAFE
tests/test_governance/__pycache__/test_promotion_parser.cpython-311-pytest-9.0.3.pyc,7785,cache,Python bytecode cache,SAFE
tests/test_governance/__pycache__/test_integration_enforcement.cpython-311-pytest-9.0.3.pyc,15511,cache,Python bytecode cache,SAFE
tests/test_governance/__pycache__/test_nested_schema_validation.cpython-311-pytest-9.0.3.pyc,34575,cache,Python bytecode cache,SAFE
tests/test_governance/__pycache__/test_legacy_policy.cpython-311-pytest-9.0.3.pyc,7558,cache,Python bytecode cache,SAFE
tests/test_governance/__pycache__/test_ast_validator.cpython-311-pytest-9.0.3.pyc,11862,cache,Python bytecode cache,SAFE
tests/test_governance/__pycache__/test_fingerprinting.cpython-311-pytest-9.0.3.pyc,5770,cache,Python bytecode cache,SAFE
tests/test_governance/__pycache__/__init__.cpython-311.pyc,172,cache,Python bytecode cache,SAFE
tests/test_training/__pycache__/test_extracted_data_components.cpython-311-pytest-9.0.3.pyc,75817,cache,Python bytecode cache,SAFE
tests/test_training/__pycache__/test_extracted_evaluation.cpython-311-pytest-9.0.3.pyc,60015,cache,Python bytecode cache,SAFE
scripts/analysis/__pycache__/phase51_main.cpython-311.pyc,99556,cache,Python bytecode cache,SAFE
scripts/analysis/__pycache__/phase47_stats.cpython-311.pyc,12594,cache,Python bytecode cache,SAFE
scripts/analysis/__pycache__/phase47_continue.cpython-311.pyc,58315,cache,Python bytecode cache,SAFE
scripts/analysis/__pycache__/phase44c_transfer_coral.cpython-311.pyc,19634,cache,Python bytecode cache,SAFE
scripts/analysis/__pycache__/phase44c_transfer_baseline.cpython-311.pyc,15703,cache,Python bytecode cache,SAFE
scripts/analysis/__pycache__/phase48_analysis_only.cpython-311.pyc,68801,cache,Python bytecode cache,SAFE
scripts/analysis/__pycache__/phase62_main.cpython-311.pyc,177140,cache,Python bytecode cache,SAFE
scripts/analysis/__pycache__/phase44c_diagnostics.cpython-311.pyc,28723,cache,Python bytecode cache,SAFE
scripts/analysis/__pycache__/phase48_shared_representation.cpython-311.pyc,117678,cache,Python bytecode cache,SAFE
scripts/analysis/__pycache__/phase59_main.cpython-311.pyc,138516,cache,Python bytecode cache,SAFE
scripts/analysis/__pycache__/phase61_main.cpython-311.pyc,144183,cache,Python bytecode cache,SAFE
scripts/analysis/__pycache__/phase64_main.cpython-311.pyc,138289,cache,Python bytecode cache,SAFE
scripts/analysis/__pycache__/phase43d_semantic_preservation.cpython-311.pyc,66859,cache,Python bytecode cache,SAFE
scripts/analysis/__pycache__/phase50_conditional_representation.cpython-311.pyc,97169,cache,Python bytecode cache,SAFE
scripts/analysis/__pycache__/phase53_main.cpython-311.pyc,119093,cache,Python bytecode cache,SAFE
scripts/analysis/__pycache__/phase49_conditional_analysis.cpython-311.pyc,109280,cache,Python bytecode cache,SAFE
scripts/analysis/__pycache__/phase52_main.cpython-311.pyc,129334,cache,Python bytecode cache,SAFE
scripts/analysis/__pycache__/phase58_main.cpython-311.pyc,88570,cache,Python bytecode cache,SAFE
scripts/analysis/__pycache__/phase47_representation_analysis.cpython-311.pyc,85179,cache,Python bytecode cache,SAFE
scripts/analysis/phase55/__pycache__/phase55_core.cpython-311.pyc,75673,cache,Python bytecode cache,SAFE
scripts/ci/__pycache__/analyze_mutation_results.cpython-311.pyc,3372,cache,Python bytecode cache,SAFE
scripts/ci/__pycache__/verify_slsa_provenance.cpython-311.pyc,6808,cache,Python bytecode cache,SAFE
scripts/ci/__pycache__/validate_schema_registry.cpython-311.pyc,18515,cache,Python bytecode cache,SAFE
scripts/ci/__pycache__/check_licenses_v2.cpython-311.pyc,14051,cache,Python bytecode cache,SAFE
scripts/ci/__pycache__/generate_trust_report.cpython-311.pyc,6510,cache,Python bytecode cache,SAFE
scripts/ci/__pycache__/enforce_skip_governance.cpython-311.pyc,3567,cache,Python bytecode cache,SAFE
scripts/ci/__pycache__/validate_benchmark_outputs.cpython-311.pyc,28076,cache,Python bytecode cache,SAFE
scripts/ci/__pycache__/validate_governance_consistency.cpython-311.pyc,17076,cache,Python bytecode cache,SAFE
scripts/ci/__pycache__/compute_reliability_score.cpython-311.pyc,1994,cache,Python bytecode cache,SAFE
scripts/ci/__pycache__/generate_slsa_provenance.cpython-311.pyc,7785,cache,Python bytecode cache,SAFE
scripts/training/losses/__pycache__/energy_losses.cpython-311.pyc,24682,cache,Python bytecode cache,SAFE
scripts/training/losses/__pycache__/contrastive_losses.cpython-311.pyc,22267,cache,Python bytecode cache,SAFE
scripts/training/losses/__pycache__/loss_registry.cpython-311.pyc,22933,cache,Python bytecode cache,SAFE
scripts/training/losses/__pycache__/regularization_losses.cpython-311.pyc,11717,cache,Python bytecode cache,SAFE
scripts/training/losses/__pycache__/__init__.cpython-311.pyc,1228,cache,Python bytecode cache,SAFE
scripts/training/core/__pycache__/trainer_state.cpython-311.pyc,24268,cache,Python bytecode cache,SAFE
scripts/training/core/__pycache__/recovery_manager.cpython-311.pyc,14353,cache,Python bytecode cache,SAFE
scripts/training/core/__pycache__/trainer_factory.cpython-311.pyc,3683,cache,Python bytecode cache,SAFE
scripts/training/core/__pycache__/trainer_facade.cpython-311.pyc,12055,cache,Python bytecode cache,SAFE
scripts/training/core/__pycache__/__init__.cpython-311.pyc,1271,cache,Python bytecode cache,SAFE
scripts/training/scheduler/__pycache__/phase_manager.cpython-311.pyc,19660,cache,Python bytecode cache,SAFE
scripts/training/scheduler/__pycache__/lr_scheduler.cpython-311.pyc,5502,cache,Python bytecode cache,SAFE
scripts/training/scheduler/__pycache__/phase_orchestrator.cpython-311.pyc,34418,cache,Python bytecode cache,SAFE
scripts/training/scheduler/__pycache__/freeze_manager.cpython-311.pyc,2107,cache,Python bytecode cache,SAFE
scripts/training/scheduler/__pycache__/early_stopping.cpython-311.pyc,11380,cache,Python bytecode cache,SAFE
scripts/training/scheduler/__pycache__/__init__.cpython-311.pyc,1746,cache,Python bytecode cache,SAFE
scripts/training/__pycache__/train_dann_production.cpython-311.pyc,99815,cache,Python bytecode cache,SAFE
scripts/training/__pycache__/_constants.cpython-311.pyc,773,cache,Python bytecode cache,SAFE
scripts/training/__pycache__/train_helix_ids_full.cpython-311.pyc,239585,cache,Python bytecode cache,SAFE
scripts/training/__pycache__/prepare_canonical_artifacts.cpython-311.pyc,11601,cache,Python bytecode cache,SAFE
scripts/training/representation/__pycache__/centroid_manager.cpython-311.pyc,8011,cache,Python bytecode cache,SAFE
scripts/training/representation/__pycache__/representation_coordinator.cpython-311.pyc,7307,cache,Python bytecode cache,SAFE
scripts/training/representation/__pycache__/__init__.cpython-311.pyc,1020,cache,Python bytecode cache,SAFE
scripts/training/execution/__pycache__/epoch_runner.cpython-311.pyc,18255,cache,Python bytecode cache,SAFE
scripts/training/execution/__pycache__/batch_processor.cpython-311.pyc,11195,cache,Python bytecode cache,SAFE
scripts/training/execution/__pycache__/warmup_manager.cpython-311.pyc,12136,cache,Python bytecode cache,SAFE
scripts/training/execution/__pycache__/training_orchestrator.cpython-311.pyc,7882,cache,Python bytecode cache,SAFE
scripts/training/execution/__pycache__/__init__.cpython-311.pyc,743,cache,Python bytecode cache,SAFE
scripts/training/diagnostics/__pycache__/cluster_analyzer.cpython-311.pyc,22522,cache,Python bytecode cache,SAFE
scripts/training/diagnostics/__pycache__/rep_diagnostics.cpython-311.pyc,23350,cache,Python bytecode cache,SAFE
scripts/training/diagnostics/__pycache__/geometry_analyzer.cpython-311.pyc,12584,cache,Python bytecode cache,SAFE
scripts/training/diagnostics/__pycache__/__init__.cpython-311.pyc,977,cache,Python bytecode cache,SAFE
scripts/training/orchestration/__pycache__/run_orchestrator.cpython-311.pyc,46562,cache,Python bytecode cache,SAFE
scripts/training/orchestration/__pycache__/config_parser.cpython-311.pyc,28227,cache,Python bytecode cache,SAFE
scripts/training/orchestration/__pycache__/governance_pipeline.cpython-311.pyc,18385,cache,Python bytecode cache,SAFE
scripts/training/orchestration/__pycache__/__init__.cpython-311.pyc,8839,cache,Python bytecode cache,SAFE
scripts/training/governance/__pycache__/orchestrator.cpython-311.pyc,10604,cache,Python bytecode cache,SAFE
scripts/training/governance/__pycache__/reporting.cpython-311.pyc,7371,cache,Python bytecode cache,SAFE
scripts/training/governance/__pycache__/promotion.cpython-311.pyc,7578,cache,Python bytecode cache,SAFE
scripts/training/governance/__pycache__/ab_testing.cpython-311.pyc,19655,cache,Python bytecode cache,SAFE
scripts/training/governance/__pycache__/__init__.cpython-311.pyc,2479,cache,Python bytecode cache,SAFE
scripts/training/evaluation/__pycache__/evaluator.cpython-311.pyc,40681,cache,Python bytecode cache,SAFE
scripts/training/evaluation/__pycache__/evaluation_orchestrator.cpython-311.pyc,7820,cache,Python bytecode cache,SAFE
scripts/training/evaluation/__pycache__/__init__.cpython-311.pyc,1196,cache,Python bytecode cache,SAFE
scripts/training/data/__pycache__/validators.cpython-311.pyc,20606,cache,Python bytecode cache,SAFE
scripts/training/data/__pycache__/samplers.cpython-311.pyc,20829,cache,Python bytecode cache,SAFE
scripts/training/data/__pycache__/dataset_builder.cpython-311.pyc,8093,cache,Python bytecode cache,SAFE
scripts/training/data/__pycache__/__init__.cpython-311.pyc,2099,cache,Python bytecode cache,SAFE
scripts/training/validation/__pycache__/evaluator.cpython-311.pyc,6121,cache,Python bytecode cache,SAFE
scripts/training/validation/__pycache__/calibrator.cpython-311.pyc,18761,cache,Python bytecode cache,SAFE
scripts/training/validation/__pycache__/validation_orchestrator.cpython-311.pyc,10383,cache,Python bytecode cache,SAFE
scripts/training/validation/__pycache__/artifacts.cpython-311.pyc,10416,cache,Python bytecode cache,SAFE
scripts/training/validation/__pycache__/__init__.cpython-311.pyc,2066,cache,Python bytecode cache,SAFE
scripts/__pycache__/phase56_main.cpython-311.pyc,84082,cache,Python bytecode cache,SAFE
scripts/__pycache__/phase57_main.cpython-311.pyc,89188,cache,Python bytecode cache,SAFE
scripts/__pycache__/phase52_experiments.cpython-311.pyc,42534,cache,Python bytecode cache,SAFE
scripts/operations/__pycache__/serve_rest.cpython-311.pyc,20071,cache,Python bytecode cache,SAFE
scripts/benchmarks/__pycache__/check_performance_regression.cpython-311.pyc,7139,cache,Python bytecode cache,SAFE
scripts/evaluation/__pycache__/benchmarks.cpython-311.pyc,75051,cache,Python bytecode cache,SAFE
src/helix_ids/metrics/__pycache__/adversarial_test.cpython-311.pyc,22560,cache,Python bytecode cache,SAFE
src/helix_ids/metrics/__pycache__/per_class_metrics.cpython-311.pyc,15395,cache,Python bytecode cache,SAFE
src/helix_ids/metrics/__pycache__/__init__.cpython-311.pyc,933,cache,Python bytecode cache,SAFE
src/helix_ids/metrics/__pycache__/fn_tracker.cpython-311.pyc,23607,cache,Python bytecode cache,SAFE
src/helix_ids/config/__pycache__/platform_loader.cpython-311.pyc,3432,cache,Python bytecode cache,SAFE
src/helix_ids/config/__pycache__/environment.cpython-311.pyc,28046,cache,Python bytecode cache,SAFE
src/helix_ids/config/__pycache__/helix_full_config.cpython-311.pyc,8178,cache,Python bytecode cache,SAFE
src/helix_ids/config/__pycache__/__init__.cpython-311.pyc,812,cache,Python bytecode cache,SAFE
src/helix_ids/contracts/__pycache__/attack_taxonomy.cpython-314.pyc,11031,cache,Python bytecode cache,SAFE
src/helix_ids/contracts/__pycache__/attack_taxonomy.cpython-311.pyc,11194,cache,Python bytecode cache,SAFE
src/helix_ids/contracts/__pycache__/immutable_constants.cpython-311.pyc,1197,cache,Python bytecode cache,SAFE
src/helix_ids/contracts/__pycache__/immutable_constants.cpython-314.pyc,996,cache,Python bytecode cache,SAFE
src/helix_ids/contracts/__pycache__/__init__.cpython-314.pyc,2457,cache,Python bytecode cache,SAFE
src/helix_ids/contracts/__pycache__/diagnostic_contract.cpython-311.pyc,3712,cache,Python bytecode cache,SAFE
src/helix_ids/contracts/__pycache__/schema_contract.cpython-314.pyc,5601,cache,Python bytecode cache,SAFE
src/helix_ids/contracts/__pycache__/schema_contract.cpython-311.pyc,5474,cache,Python bytecode cache,SAFE
src/helix_ids/contracts/__pycache__/__init__.cpython-311.pyc,2334,cache,Python bytecode cache,SAFE
src/helix_ids/contracts/__pycache__/diagnostic_contract.cpython-314.pyc,3833,cache,Python bytecode cache,SAFE
src/helix_ids/utils/__pycache__/callbacks.cpython-311.pyc,42928,cache,Python bytecode cache,SAFE
src/helix_ids/utils/__pycache__/metrics.cpython-311.pyc,23382,cache,Python bytecode cache,SAFE
src/helix_ids/utils/__pycache__/export.cpython-311.pyc,45339,cache,Python bytecode cache,SAFE
src/helix_ids/utils/__pycache__/entropy_diagnostics.cpython-311.pyc,6603,cache,Python bytecode cache,SAFE
src/helix_ids/utils/__pycache__/__init__.cpython-311.pyc,1551,cache,Python bytecode cache,SAFE
src/helix_ids/models/__pycache__/classifier.cpython-314.pyc,26088,cache,Python bytecode cache,SAFE
src/helix_ids/models/__pycache__/core.cpython-314.pyc,464,cache,Python bytecode cache,SAFE
src/helix_ids/models/__pycache__/loss.cpython-311.pyc,25465,cache,Python bytecode cache,SAFE
src/helix_ids/models/__pycache__/core.cpython-311.pyc,514,cache,Python bytecode cache,SAFE
src/helix_ids/models/__pycache__/loss.cpython-314.pyc,26588,cache,Python bytecode cache,SAFE
src/helix_ids/models/__pycache__/classifier.cpython-311.pyc,24497,cache,Python bytecode cache,SAFE
src/helix_ids/models/__pycache__/attention.cpython-314.pyc,21996,cache,Python bytecode cache,SAFE
src/helix_ids/models/__pycache__/full.cpython-311.pyc,588,cache,Python bytecode cache,SAFE
src/helix_ids/models/__pycache__/attention.cpython-311.pyc,22086,cache,Python bytecode cache,SAFE
src/helix_ids/models/__pycache__/full.cpython-314.pyc,504,cache,Python bytecode cache,SAFE
src/helix_ids/models/__pycache__/helix_ids_full.cpython-314.pyc,29657,cache,Python bytecode cache,SAFE
src/helix_ids/models/__pycache__/helix_ids_full.cpython-311.pyc,27653,cache,Python bytecode cache,SAFE
src/helix_ids/models/__pycache__/__init__.cpython-314.pyc,845,cache,Python bytecode cache,SAFE
src/helix_ids/models/__pycache__/helix_ids.cpython-314.pyc,25224,cache,Python bytecode cache,SAFE
src/helix_ids/models/__pycache__/helix_ids.cpython-311.pyc,24201,cache,Python bytecode cache,SAFE
src/helix_ids/models/__pycache__/__init__.cpython-311.pyc,974,cache,Python bytecode cache,SAFE
src/helix_ids/models/adaptation/__pycache__/mmd_loss.cpython-311.pyc,11160,cache,Python bytecode cache,SAFE
src/helix_ids/models/adaptation/__pycache__/transfer_learning.cpython-311.pyc,61217,cache,Python bytecode cache,SAFE
src/helix_ids/models/adaptation/__pycache__/label_aware_da.cpython-311.pyc,30556,cache,Python bytecode cache,SAFE
src/helix_ids/models/adaptation/__pycache__/combined_da.cpython-311.pyc,12979,cache,Python bytecode cache,SAFE
src/helix_ids/models/adaptation/__pycache__/dann.cpython-311.pyc,18036,cache,Python bytecode cache,SAFE
src/helix_ids/models/adaptation/__pycache__/coral_loss.cpython-311.pyc,8094,cache,Python bytecode cache,SAFE
src/helix_ids/models/adaptation/__pycache__/__init__.cpython-311.pyc,1536,cache,Python bytecode cache,SAFE
src/helix_ids/__pycache__/cli.cpython-311.pyc,3351,cache,Python bytecode cache,SAFE
src/helix_ids/__pycache__/__init__.cpython-314.pyc,1006,cache,Python bytecode cache,SAFE
src/helix_ids/__pycache__/__init__.cpython-311.pyc,1090,cache,Python bytecode cache,SAFE
src/helix_ids/operations/recovery/__pycache__/restart_manager.cpython-311.pyc,16132,cache,Python bytecode cache,SAFE
src/helix_ids/operations/recovery/__pycache__/__init__.cpython-311.pyc,500,cache,Python bytecode cache,SAFE
src/helix_ids/operations/__pycache__/baseline_freeze.cpython-311.pyc,16737,cache,Python bytecode cache,SAFE
src/helix_ids/operations/__pycache__/inference_runtime.cpython-311.pyc,59548,cache,Python bytecode cache,SAFE
src/helix_ids/operations/__pycache__/monitoring.cpython-311.pyc,11464,cache,Python bytecode cache,SAFE
src/helix_ids/operations/__pycache__/__init__.cpython-311.pyc,625,cache,Python bytecode cache,SAFE
src/helix_ids/operations/safety/__pycache__/circuit_breaker.cpython-311.pyc,22793,cache,Python bytecode cache,SAFE
src/helix_ids/operations/safety/__pycache__/__init__.cpython-311.pyc,713,cache,Python bytecode cache,SAFE
src/helix_ids/operations/logging/__pycache__/structured_logger.cpython-311.pyc,8429,cache,Python bytecode cache,SAFE
src/helix_ids/operations/logging/__pycache__/log_context.cpython-311.pyc,3326,cache,Python bytecode cache,SAFE
src/helix_ids/operations/logging/__pycache__/log_formatter.cpython-311.pyc,4978,cache,Python bytecode cache,SAFE
src/helix_ids/operations/logging/__pycache__/__init__.cpython-311.pyc,798,cache,Python bytecode cache,SAFE
src/helix_ids/governance/__pycache__/orchestrator.cpython-311.pyc,23568,cache,Python bytecode cache,SAFE
src/helix_ids/governance/__pycache__/parameters.cpython-311.pyc,6915,cache,Python bytecode cache,SAFE
src/helix_ids/governance/__pycache__/lifecycle_verifier.cpython-311.pyc,41836,cache,Python bytecode cache,SAFE
src/helix_ids/governance/__pycache__/provenance.cpython-311.pyc,42009,cache,Python bytecode cache,SAFE
src/helix_ids/governance/__pycache__/promotion.cpython-311.pyc,6395,cache,Python bytecode cache,SAFE
src/helix_ids/governance/__pycache__/failure_memory.cpython-311.pyc,5924,cache,Python bytecode cache,SAFE
src/helix_ids/governance/__pycache__/fingerprinting.cpython-311.pyc,4196,cache,Python bytecode cache,SAFE
src/helix_ids/governance/__pycache__/ast_validator.cpython-311.pyc,25364,cache,Python bytecode cache,SAFE
src/helix_ids/governance/__pycache__/entrypoint.cpython-311.pyc,14527,cache,Python bytecode cache,SAFE
src/helix_ids/governance/__pycache__/determinism.cpython-311.pyc,3946,cache,Python bytecode cache,SAFE
src/helix_ids/governance/__pycache__/__init__.cpython-311.pyc,2996,cache,Python bytecode cache,SAFE
src/helix_ids/governance/__pycache__/run_registry.cpython-311.pyc,17451,cache,Python bytecode cache,SAFE
src/helix_ids/data/__pycache__/feature_io.cpython-314.pyc,14311,cache,Python bytecode cache,SAFE
src/helix_ids/data/__pycache__/feature_io.cpython-311.pyc,13449,cache,Python bytecode cache,SAFE
src/helix_ids/data/__pycache__/feature_harmonization.cpython-314.pyc,69325,cache,Python bytecode cache,SAFE
src/helix_ids/data/__pycache__/feature_engineering.cpython-314.pyc,58602,cache,Python bytecode cache,SAFE
src/helix_ids/data/__pycache__/geometric_representation_fixes.cpython-311.pyc,29500,cache,Python bytecode cache,SAFE
src/helix_ids/data/__pycache__/multi_dataset_loader.cpython-314.pyc,100761,cache,Python bytecode cache,SAFE
src/helix_ids/data/__pycache__/geometric_representation_fixes.cpython-314.pyc,29871,cache,Python bytecode cache,SAFE
src/helix_ids/data/__pycache__/multi_dataset_loader.cpython-311.pyc,102814,cache,Python bytecode cache,SAFE
src/helix_ids/data/__pycache__/feature_harmonization.cpython-311.pyc,66248,cache,Python bytecode cache,SAFE
src/helix_ids/data/__pycache__/feature_engineering.cpython-311.pyc,56862,cache,Python bytecode cache,SAFE
src/helix_ids/data/__pycache__/unified_loader.cpython-314.pyc,1030,cache,Python bytecode cache,SAFE
src/helix_ids/data/__pycache__/label_mapping.cpython-311.pyc,12872,cache,Python bytecode cache,SAFE
src/helix_ids/data/__pycache__/preprocessing.cpython-314.pyc,19757,cache,Python bytecode cache,SAFE
src/helix_ids/data/__pycache__/label_mapping.cpython-314.pyc,12970,cache,Python bytecode cache,SAFE
src/helix_ids/data/__pycache__/preprocessing.cpython-311.pyc,18734,cache,Python bytecode cache,SAFE
src/helix_ids/data/__pycache__/unified_loader.cpython-311.pyc,1176,cache,Python bytecode cache,SAFE
src/helix_ids/data/__pycache__/learnability_contract.cpython-311.pyc,110270,cache,Python bytecode cache,SAFE
src/helix_ids/data/__pycache__/__init__.cpython-314.pyc,803,cache,Python bytecode cache,SAFE
src/helix_ids/data/__pycache__/dataset_config.cpython-311.pyc,6865,cache,Python bytecode cache,SAFE
src/helix_ids/data/__pycache__/augmentation.cpython-311.pyc,41003,cache,Python bytecode cache,SAFE
src/helix_ids/data/__pycache__/loader_core.cpython-314.pyc,31125,cache,Python bytecode cache,SAFE
src/helix_ids/data/__pycache__/loader_core.cpython-311.pyc,28581,cache,Python bytecode cache,SAFE
src/helix_ids/data/__pycache__/learnability_contract.cpython-314.pyc,109192,cache,Python bytecode cache,SAFE
src/helix_ids/data/__pycache__/__init__.cpython-311.pyc,931,cache,Python bytecode cache,SAFE
src/helix_ids/data/__pycache__/dataset_config.cpython-314.pyc,8208,cache,Python bytecode cache,SAFE
src/helix_ids/data/__pycache__/augmentation.cpython-314.pyc,43476,cache,Python bytecode cache,SAFE
src/__pycache__/__init__.cpython-311.pyc,605,cache,Python bytecode cache,SAFE
.hypothesis/.gitignore,429,cache,Hypothesis test examples,SAFE
.hypothesis/unicode_data/14.0.0/charmap.json.gz,21505,cache,Hypothesis test examples,SAFE
.hypothesis/unicode_data/14.0.0/codec-utf-8.json.gz,60,cache,Hypothesis test examples,SAFE
.hypothesis/constants/d4426629a95232b2,196,cache,Hypothesis test examples,SAFE
.hypothesis/constants/283bb16b2ec42df2,500,cache,Hypothesis test examples,SAFE
.hypothesis/constants/d5935a96907e230f,653,cache,Hypothesis test examples,SAFE
.hypothesis/constants/dac053be94d86b01,1937,cache,Hypothesis test examples,SAFE
.hypothesis/constants/9826fe33dc23ac41,342,cache,Hypothesis test examples,SAFE
.hypothesis/constants/d1d45d39bc77e6c5,3024,cache,Hypothesis test examples,SAFE
.hypothesis/constants/0fbd1c07bbabf5b5,1654,cache,Hypothesis test examples,SAFE
.hypothesis/constants/6d07d9f7dde4abde,173,cache,Hypothesis test examples,SAFE
.hypothesis/constants/6478b2f34747957f,419,cache,Hypothesis test examples,SAFE
.hypothesis/constants/ca2fe50a6b69c91e,223,cache,Hypothesis test examples,SAFE
.hypothesis/constants/64893c5777f14a6c,1203,cache,Hypothesis test examples,SAFE
.hypothesis/constants/f4c1fc7a05886e68,548,cache,Hypothesis test examples,SAFE
.hypothesis/constants/a55cdc3ab0a47ed7,3651,cache,Hypothesis test examples,SAFE
.hypothesis/constants/622b7646616e8a3c,381,cache,Hypothesis test examples,SAFE
.hypothesis/constants/9f5072cd6e2f3ae7,109,cache,Hypothesis test examples,SAFE
.hypothesis/constants/8c37265fb8f2ca8b,249,cache,Hypothesis test examples,SAFE
.hypothesis/constants/c0143119a1a78d01,417,cache,Hypothesis test examples,SAFE
.hypothesis/constants/ecceeb2bf4000188,623,cache,Hypothesis test examples,SAFE
.hypothesis/constants/f0b215caabcf1381,111,cache,Hypothesis test examples,SAFE
.hypothesis/constants/fbcee21dc58c3517,820,cache,Hypothesis test examples,SAFE
.hypothesis/constants/b921e9f675dade53,313,cache,Hypothesis test examples,SAFE
.hypothesis/constants/c78c7fd1f76581e9,701,cache,Hypothesis test examples,SAFE
.hypothesis/constants/dc7c95961690594f,500,cache,Hypothesis test examples,SAFE
.hypothesis/constants/9de19cb736c915b2,276,cache,Hypothesis test examples,SAFE
.hypothesis/constants/ee8a126aa8f7819e,617,cache,Hypothesis test examples,SAFE
.hypothesis/constants/72ab2c77ebbac9b2,2423,cache,Hypothesis test examples,SAFE
.hypothesis/constants/988897001bd452a2,285,cache,Hypothesis test examples,SAFE
.hypothesis/constants/a50bc4d59b6738d7,450,cache,Hypothesis test examples,SAFE
.hypothesis/constants/2aaee9ad8b4120bc,1223,cache,Hypothesis test examples,SAFE
.hypothesis/constants/76ac2026a7713212,121,cache,Hypothesis test examples,SAFE
.hypothesis/constants/c1d682e0af1fb56e,1120,cache,Hypothesis test examples,SAFE
.hypothesis/constants/82287c54c103cbda,225,cache,Hypothesis test examples,SAFE
.hypothesis/constants/4ada67bd57527100,2605,cache,Hypothesis test examples,SAFE
.hypothesis/constants/f4771aa07a2ba71a,229,cache,Hypothesis test examples,SAFE
.hypothesis/constants/aebfb8afc03f93b5,380,cache,Hypothesis test examples,SAFE
.hypothesis/constants/17879458fae98a42,397,cache,Hypothesis test examples,SAFE
.hypothesis/constants/54b9edab42c2fddd,259,cache,Hypothesis test examples,SAFE
.hypothesis/constants/827969f13f5a36e6,342,cache,Hypothesis test examples,SAFE
.hypothesis/constants/13d8e9611cdbd8f9,541,cache,Hypothesis test examples,SAFE
.hypothesis/constants/378437ccf7df49f3,563,cache,Hypothesis test examples,SAFE
.hypothesis/constants/a4cd37a470a70a83,274,cache,Hypothesis test examples,SAFE
.hypothesis/constants/3820cc2be8a05050,1081,cache,Hypothesis test examples,SAFE
.hypothesis/constants/d752397be2899b6f,728,cache,Hypothesis test examples,SAFE
.hypothesis/constants/c98c83787045701d,343,cache,Hypothesis test examples,SAFE
.hypothesis/constants/f4219a3f4b70dcf4,3533,cache,Hypothesis test examples,SAFE
.hypothesis/constants/2dccb607599346e8,405,cache,Hypothesis test examples,SAFE
.hypothesis/constants/698ca020b44c5a31,145,cache,Hypothesis test examples,SAFE
.hypothesis/constants/931ef42347adca16,191,cache,Hypothesis test examples,SAFE
.hypothesis/constants/8646f051aebc2914,396,cache,Hypothesis test examples,SAFE
.hypothesis/constants/1308a24826710e95,116,cache,Hypothesis test examples,SAFE
.hypothesis/constants/77e34f826f21c5da,138,cache,Hypothesis test examples,SAFE
.hypothesis/constants/ea3489154ba8a920,150,cache,Hypothesis test examples,SAFE
.hypothesis/constants/0bb05cee905ad942,308,cache,Hypothesis test examples,SAFE
.hypothesis/constants/27f47d971d3c2aef,136,cache,Hypothesis test examples,SAFE
.hypothesis/constants/c1130a5acdf6169b,3012,cache,Hypothesis test examples,SAFE
.hypothesis/constants/563433c111817745,555,cache,Hypothesis test examples,SAFE
.hypothesis/constants/a26a87acc06db2ce,191,cache,Hypothesis test examples,SAFE
.hypothesis/constants/acce8dbce78e4221,187,cache,Hypothesis test examples,SAFE
.hypothesis/constants/a928e0d48bab7765,236,cache,Hypothesis test examples,SAFE
.hypothesis/constants/032784f251e5db73,227,cache,Hypothesis test examples,SAFE
.hypothesis/constants/3184aed0250b5239,1168,cache,Hypothesis test examples,SAFE
.hypothesis/constants/0bee52082c5d10c9,3367,cache,Hypothesis test examples,SAFE
.hypothesis/constants/e431e92d127516a5,872,cache,Hypothesis test examples,SAFE
.hypothesis/constants/d14a249cc1d82e48,1241,cache,Hypothesis test examples,SAFE
.hypothesis/constants/f6868b0dbec60582,174,cache,Hypothesis test examples,SAFE
.hypothesis/constants/9a0daa5ba05a5b8c,459,cache,Hypothesis test examples,SAFE
.hypothesis/constants/abf13d08ba566870,1354,cache,Hypothesis test examples,SAFE
.hypothesis/constants/9ea3a3c0c999f252,178,cache,Hypothesis test examples,SAFE
.hypothesis/constants/74184f01267b22a8,585,cache,Hypothesis test examples,SAFE
.hypothesis/constants/cab5f120eda006b6,1218,cache,Hypothesis test examples,SAFE
.hypothesis/constants/4b3f2d041ef1550e,297,cache,Hypothesis test examples,SAFE
.hypothesis/constants/ad725a3bb459cce7,377,cache,Hypothesis test examples,SAFE
.hypothesis/constants/1a4048b0fde22cc2,443,cache,Hypothesis test examples,SAFE
.hypothesis/constants/95d9ac1c3065dd66,637,cache,Hypothesis test examples,SAFE
.hypothesis/constants/0f899e9e07ccf1ed,886,cache,Hypothesis test examples,SAFE
.hypothesis/constants/8f92188fabdfd8d6,197,cache,Hypothesis test examples,SAFE
.hypothesis/constants/e8d59b090e0e64e4,131,cache,Hypothesis test examples,SAFE
.hypothesis/constants/ca3b0d1f1d162c50,479,cache,Hypothesis test examples,SAFE
.hypothesis/constants/01b66177c8eadab2,132,cache,Hypothesis test examples,SAFE
.hypothesis/constants/b79b165334fb8de9,486,cache,Hypothesis test examples,SAFE
.hypothesis/constants/18c178d3dfb19334,228,cache,Hypothesis test examples,SAFE
.hypothesis/constants/2914bc1687f7d0ae,183,cache,Hypothesis test examples,SAFE
.hypothesis/constants/18f58be070b26043,269,cache,Hypothesis test examples,SAFE
.hypothesis/constants/62e432ed3054149a,410,cache,Hypothesis test examples,SAFE
.hypothesis/constants/91db07935d15834f,165,cache,Hypothesis test examples,SAFE
.hypothesis/constants/4745a4a2b3c8043e,161,cache,Hypothesis test examples,SAFE
.hypothesis/constants/93811999db057a99,845,cache,Hypothesis test examples,SAFE
.hypothesis/constants/2389f6a1b5749020,149,cache,Hypothesis test examples,SAFE
.hypothesis/constants/e4d79a2db9c9e8ab,235,cache,Hypothesis test examples,SAFE
.hypothesis/constants/ae0870caf74a38f2,250,cache,Hypothesis test examples,SAFE
.hypothesis/constants/fd3a4df98d8ede52,264,cache,Hypothesis test examples,SAFE
.hypothesis/constants/aa4dbaf92fc6ff8f,622,cache,Hypothesis test examples,SAFE
.hypothesis/constants/31a9fb2649a2081e,508,cache,Hypothesis test examples,SAFE
.hypothesis/constants/b3e6b319f912c2e6,161,cache,Hypothesis test examples,SAFE
.hypothesis/constants/11cf452b8a615609,1812,cache,Hypothesis test examples,SAFE
.hypothesis/constants/d796a9bf06fc85a0,416,cache,Hypothesis test examples,SAFE
.hypothesis/constants/3c3f65848c6d1294,1003,cache,Hypothesis test examples,SAFE
.hypothesis/constants/96a43427b0184a1b,159,cache,Hypothesis test examples,SAFE
.hypothesis/constants/6a305181b1462ab3,369,cache,Hypothesis test examples,SAFE
.hypothesis/constants/f8bfa5af97544cc6,202,cache,Hypothesis test examples,SAFE
.hypothesis/constants/42b7ffd8fc8340be,520,cache,Hypothesis test examples,SAFE
.hypothesis/constants/b0c75807edf8419d,947,cache,Hypothesis test examples,SAFE
.hypothesis/constants/9ad2f5e814336307,185,cache,Hypothesis test examples,SAFE
.hypothesis/constants/19e57b531199a58d,232,cache,Hypothesis test examples,SAFE
.hypothesis/constants/0ed635e4aa94b6d4,306,cache,Hypothesis test examples,SAFE
.hypothesis/constants/484e9a7cfb9673ec,201,cache,Hypothesis test examples,SAFE
.hypothesis/constants/b67b688c7ab9942e,117,cache,Hypothesis test examples,SAFE
.hypothesis/constants/4352374d61e6485a,326,cache,Hypothesis test examples,SAFE
.hypothesis/constants/aaaf4e90afb71b74,670,cache,Hypothesis test examples,SAFE
.hypothesis/constants/52eefa2260b7a87b,303,cache,Hypothesis test examples,SAFE
.hypothesis/constants/9fa6ccef03257fa3,1586,cache,Hypothesis test examples,SAFE
.hypothesis/constants/bbe3a134d01a42ed,111,cache,Hypothesis test examples,SAFE
.hypothesis/constants/d6b2094930184c97,186,cache,Hypothesis test examples,SAFE
.hypothesis/constants/69914524ad878cb0,840,cache,Hypothesis test examples,SAFE
.hypothesis/constants/bfbd558bafca0b9a,391,cache,Hypothesis test examples,SAFE
.hypothesis/constants/d54a4ba6a060c6da,775,cache,Hypothesis test examples,SAFE
.hypothesis/constants/364bc965de6e6f02,125,cache,Hypothesis test examples,SAFE
.hypothesis/constants/fae09cf9587a350e,2497,cache,Hypothesis test examples,SAFE
.hypothesis/constants/067041ce60a22ea5,2032,cache,Hypothesis test examples,SAFE
.hypothesis/constants/4671e76e111e345d,805,cache,Hypothesis test examples,SAFE
.hypothesis/constants/0f4918ae9b04793a,191,cache,Hypothesis test examples,SAFE
.hypothesis/constants/8e39769896db3183,391,cache,Hypothesis test examples,SAFE
.hypothesis/constants/46674ff4828fa7ad,3154,cache,Hypothesis test examples,SAFE
.hypothesis/constants/5d178c9e69e5e7cd,532,cache,Hypothesis test examples,SAFE
.hypothesis/constants/83345873bded1224,981,cache,Hypothesis test examples,SAFE
.hypothesis/constants/bebd78d936dc1eb8,182,cache,Hypothesis test examples,SAFE
.hypothesis/constants/e8554e8399bcf584,189,cache,Hypothesis test examples,SAFE
.hypothesis/constants/7225ff15af022731,396,cache,Hypothesis test examples,SAFE
.hypothesis/constants/a77389c435c7ce8b,728,cache,Hypothesis test examples,SAFE
.hypothesis/constants/76458775e4f4701a,269,cache,Hypothesis test examples,SAFE
.hypothesis/constants/1bc9c384ec619c29,254,cache,Hypothesis test examples,SAFE
.hypothesis/constants/d23756f7d3c9d3f3,745,cache,Hypothesis test examples,SAFE
.hypothesis/constants/797825d0d4b7989c,143,cache,Hypothesis test examples,SAFE
.hypothesis/constants/1ce3b0620c6d392a,463,cache,Hypothesis test examples,SAFE
.hypothesis/constants/8e67b4a393e96c00,149,cache,Hypothesis test examples,SAFE
.hypothesis/constants/a248dd0f905aaf53,194,cache,Hypothesis test examples,SAFE
.hypothesis/examples/df8fcab312f83ecc/1236c0a13f38a176,4,cache,Hypothesis test examples,SAFE
.hypothesis/examples/6b4e18781d74e8bd/1d7462696d89e311,6,cache,Hypothesis test examples,SAFE
.hypothesis/examples/522605b2daa6d1da/f975165bde16ae85,8,cache,Hypothesis test examples,SAFE
.hypothesis/examples/8fe71d1ebb336da2/06441cc354dffa15,13,cache,Hypothesis test examples,SAFE
.hypothesis/examples/04e6b3400353b141/df8fcab312f83ecc,48,cache,Hypothesis test examples,SAFE
.hypothesis/examples/04e6b3400353b141/6b4e18781d74e8bd,48,cache,Hypothesis test examples,SAFE
.hypothesis/examples/04e6b3400353b141/522605b2daa6d1da,48,cache,Hypothesis test examples,SAFE
.hypothesis/examples/04e6b3400353b141/8fe71d1ebb336da2,48,cache,Hypothesis test examples,SAFE
